{
  "builder_name": "csv",
  "citation": "",
  "config_name": "default",
  "dataset_name": "csv",
  "dataset_size": 9480367,
  "description": "",
  "download_checksums": {
    "/home/priyanshu1303d/Projects/Text_Summarizer/artifacts/data_ingestion/Data/train/samsum_train.csv": {
      "num_bytes": 9386685,
      "checksum": null
    }
  },
  "download_size": 9386685,
  "features": {
    "id": {
      "dtype": "string",
      "_type": "Value"
    },
    "dialogue": {
      "dtype": "string",
      "_type": "Value"
    },
    "summary": {
      "dtype": "string",
      "_type": "Value"
    }
  },
  "homepage": "",
  "license": "",
  "size_in_bytes": 18867052,
  "splits": {
    "train": {
      "name": "train",
      "num_bytes": 9480367,
      "num_examples": 14732,
      "dataset_name": "csv"
    }
  },
  "version": {
    "version_str": "0.0.0",
    "major": 0,
    "minor": 0,
    "patch": 0
  }
}